,cluster_ID,PS,Electrification
0,1,Chinde,national grid extension
1,2,Chinde,national grid extension
2,3,Chinde,national grid extension
3,4,Chinde,national grid extension
4,5,Marromeu,national grid extension
5,6,Chinde,national grid extension
6,7,Chinde,national grid extension
7,8,Chinde,national grid extension
8,9,Chinde,national grid extension
9,10,Quelimane Ceramica HV,national grid extension
10,11,Quelimane Ceramica HV,national grid extension
11,12,Quelimane Ceramica HV,national grid extension
12,13,Quelimane Ceramica HV,national grid extension
13,14,Quelimane Ceramica HV,national grid extension
14,15,Quelimane Ceramica HV,national grid extension
15,16,Quelimane Ceramica HV,national grid extension
16,17,Quelimane Ceramica HV,national grid extension
17,18,Quelimane Ceramica HV,national grid extension
18,19,Quelimane Ceramica HV,national grid extension
19,20,Quelimane Ceramica HV,national grid extension
20,21,Quelimane Ceramica HV,national grid extension
21,22,Marromeu,national grid extension
22,23,Quelimane Ceramica HV,national grid extension
23,24,Quelimane Ceramica HV,national grid extension
24,25,Quelimane Ceramica HV,national grid extension
25,26,Quelimane Ceramica HV,national grid extension
26,27,Quelimane Ceramica HV,national grid extension
27,28,Quelimane Ceramica HV,national grid extension
28,29,Quelimane Ceramica HV,national grid extension
29,30,Quelimane Ceramica HV,national grid extension
30,31,Quelimane Ceramica HV,national grid extension
31,32,Chimuara,national grid extension
32,33,Quelimane Ceramica HV,national grid extension
33,34,Quelimane Ceramica HV,national grid extension
34,35,Quelimane Ceramica HV,national grid extension
35,36,Chimuara,national grid extension
36,37,Quelimane Ceramica HV,national grid extension
37,38,Quelimane Ceramica HV,national grid extension
38,39,Quelimane Ceramica HV,national grid extension
39,40,Chimuara,national grid extension
40,41,Quelimane Ceramica HV,national grid extension
41,42,Chimuara,national grid extension
42,43,Quelimane Ceramica HV,national grid extension
43,44,Chimuara,national grid extension
44,45,Quelimane Ceramica HV,national grid extension
45,46,Quelimane Ceramica HV,national grid extension
46,47,Nicoadala - to be verified,national grid extension
47,48,Quelimane Ceramica HV,national grid extension
48,49,Quelimane Ceramica HV,national grid extension
49,50,Chimuara,national grid extension
50,51,Quelimane Ceramica HV,national grid extension
51,52,Chimuara,national grid extension
52,53,Quelimane Ceramica HV,national grid extension
53,54,Quelimane Ceramica HV,national grid extension
54,55,Quelimane Ceramica HV,national grid extension
55,56,Quelimane Ceramica HV,national grid extension
56,57,Quelimane Ceramica HV,national grid extension
57,58,Quelimane Ceramica HV,national grid extension
58,59,Quelimane Ceramica HV,national grid extension
59,60,Quelimane Ceramica HV,national grid extension
60,61,Chimuara,national grid extension
61,62,Quelimane Ceramica HV,national grid extension
62,63,Chimuara,national grid extension
63,64,Chimuara,national grid extension
64,65,Quelimane Ceramica HV,national grid extension
65,66,Quelimane Ceramica HV,national grid extension
66,67,Quelimane Ceramica HV,national grid extension
67,68,Nicoadala - to be verified,national grid extension
68,69,Chimuara,national grid extension
69,70,Chimuara,national grid extension
70,71,Quelimane Ceramica HV,national grid extension
71,72,Chimuara,national grid extension
72,73,Quelimane Ceramica HV,national grid extension
73,74,Nicoadala - to be verified,national grid extension
74,75,Quelimane Ceramica HV,national grid extension
75,76,Chimuara,national grid extension
76,77,Nicoadala - to be verified,national grid extension
77,78,Chimuara,national grid extension
78,79,Chimuara,national grid extension
79,80,Quelimane Ceramica HV,national grid extension
80,81,Quelimane Ceramica HV,national grid extension
81,82,Quelimane Ceramica HV,national grid extension
82,83,Quelimane Ceramica HV,national grid extension
83,84,Quelimane Ceramica HV,national grid extension
84,85,Nicoadala - to be verified,national grid extension
85,86,Chimuara,national grid extension
86,87,Quelimane Ceramica HV,national grid extension
87,88,Quelimane Ceramica HV,national grid extension
88,89,Quelimane Ceramica HV,national grid extension
89,90,Quelimane Ceramica HV,national grid extension
90,91,Quelimane Ceramica HV,national grid extension
91,92,Quelimane Ceramica HV,national grid extension
92,93,Quelimane Ceramica HV,national grid extension
93,94,Quelimane Ceramica HV,national grid extension
94,95,Nicoadala - to be verified,national grid extension
95,96,Quelimane Ceramica HV,national grid extension
96,97,Quelimane Ceramica HV,national grid extension
97,98,Quelimane Ceramica HV,national grid extension
98,99,Quelimane Ceramica HV,national grid extension
99,100,Quelimane Ceramica HV,national grid extension
100,101,Quelimane Ceramica HV,national grid extension
101,102,Quelimane Ceramica HV,national grid extension
102,103,Quelimane Ceramica HV,national grid extension
103,104,Nicoadala - to be verified,national grid extension
104,105,Nicoadala - to be verified,national grid extension
105,106,Nicoadala - to be verified,national grid extension
106,107,Quelimane Ceramica HV,national grid extension
107,108,Quelimane Ceramica HV,national grid extension
108,109,Nicoadala - to be verified,national grid extension
109,110,Nicoadala - to be verified,national grid extension
110,111,Quelimane Ceramica HV,national grid extension
111,112,Nicoadala - to be verified,national grid extension
112,113,Chimuara,national grid extension
113,114,Nicoadala - to be verified,national grid extension
114,115,Quelimane Ceramica HV,national grid extension
115,116,Nicoadala - to be verified,national grid extension
116,117,Nicoadala - to be verified,national grid extension
117,118,Nicoadala - to be verified,national grid extension
118,119,Nicoadala - to be verified,national grid extension
119,120,Nicoadala - to be verified,national grid extension
120,121,Quelimane Ceramica HV,national grid extension
121,122,Quelimane Ceramica HV,national grid extension
122,123,Quelimane Ceramica HV,national grid extension
123,124,Quelimane Ceramica HV,national grid extension
124,125,Nicoadala - to be verified,national grid extension
125,126,Quelimane Ceramica HV,national grid extension
126,127,Nicoadala - to be verified,national grid extension
127,128,Nicoadala - to be verified,national grid extension
128,129,Quelimane Ceramica HV,national grid extension
129,130,Quelimane Ceramica HV,national grid extension
130,131,Quelimane Ceramica HV,national grid extension
131,132,Nicoadala - to be verified,national grid extension
132,133,Nicoadala - to be verified,national grid extension
133,134,Chimuara,national grid extension
134,135,Chimuara,national grid extension
135,136,Quelimane Ceramica HV,national grid extension
136,137,Chimuara,national grid extension
137,138,Nicoadala - to be verified,national grid extension
138,139,Quelimane Ceramica HV,national grid extension
139,140,Quelimane Ceramica HV,national grid extension
140,141,None(too far),off-grid system
141,142,Quelimane Ceramica HV,national grid extension
142,143,Nicoadala - to be verified,national grid extension
143,144,Quelimane Ceramica HV,national grid extension
144,145,Quelimane Ceramica HV,national grid extension
145,146,Quelimane Ceramica HV,national grid extension
146,147,Chimuara,national grid extension
147,148,Chimuara,national grid extension
148,149,Nicoadala - to be verified,national grid extension
149,150,Quelimane Ceramica HV,national grid extension
150,151,Quelimane Ceramica HV,national grid extension
151,152,Quelimane Ceramica HV,national grid extension
152,153,Quelimane Ceramica HV,national grid extension
153,154,Quelimane Ceramica HV,national grid extension
154,155,Nicoadala - to be verified,national grid extension
155,156,Nicoadala - to be verified,national grid extension
156,157,Quelimane Ceramica HV,national grid extension
157,158,Nicoadala - to be verified,national grid extension
158,159,Quelimane Ceramica HV,national grid extension
159,160,Quelimane Ceramica HV,national grid extension
160,161,Nicoadala - to be verified,national grid extension
161,162,Quelimane Ceramica HV,national grid extension
162,163,Chimuara,national grid extension
163,164,Nicoadala - to be verified,national grid extension
164,165,Nicoadala - to be verified,national grid extension
165,166,Nicoadala - to be verified,national grid extension
166,167,Quelimane Ceramica HV,national grid extension
167,168,Quelimane Ceramica HV,national grid extension
168,169,Quelimane Ceramica HV,national grid extension
169,170,Chimuara,national grid extension
170,171,Quelimane Ceramica HV,national grid extension
171,172,Quelimane Ceramica HV,national grid extension
172,173,Quelimane Ceramica HV,national grid extension
173,174,None(too far),off-grid system
174,175,Chimuara,national grid extension
175,176,Quelimane Ceramica HV,national grid extension
176,177,Quelimane Ceramica HV,national grid extension
177,178,Quelimane Ceramica HV,national grid extension
178,179,None(too far),off-grid system
179,180,Chimuara,national grid extension
180,181,Quelimane Ceramica HV,national grid extension
181,182,Quelimane Ceramica HV,national grid extension
182,183,Chimuara,national grid extension
183,184,None(too far),off-grid system
184,185,Chimuara,national grid extension
185,186,Chimuara,national grid extension
186,187,Chimuara,national grid extension
187,188,Quelimane Ceramica HV,national grid extension
188,189,Chimuara,national grid extension
189,190,Quelimane Ceramica HV,national grid extension
190,191,Chimuara,national grid extension
191,192,Quelimane Ceramica HV,national grid extension
192,193,Chimuara,national grid extension
193,194,None(too far),off-grid system
194,195,Chimuara,national grid extension
195,196,Quelimane Ceramica HV,national grid extension
196,197,Quelimane Ceramica HV,national grid extension
197,198,Quelimane Ceramica HV,national grid extension
198,199,Chimuara,national grid extension
199,200,Chimuara,national grid extension
200,201,Chimuara,national grid extension
201,202,Chimuara,national grid extension
202,203,Quelimane Ceramica HV,national grid extension
203,204,Quelimane Ceramica HV,national grid extension
204,205,Quelimane Ceramica HV,national grid extension
205,206,Chimuara,national grid extension
206,207,Chimuara,national grid extension
207,208,Chimuara,national grid extension
208,209,Chimuara,national grid extension
209,210,Chimuara,national grid extension
210,211,Chimuara,national grid extension
211,212,Chimuara,national grid extension
212,213,None(too far),off-grid system
213,214,Chimuara,national grid extension
214,215,None(too far),off-grid system
215,216,Quelimane Ceramica HV,national grid extension
216,217,None(too far),off-grid system
217,218,None(too far),off-grid system
218,219,Quelimane Ceramica HV,national grid extension
219,220,Quelimane Ceramica HV,national grid extension
220,221,None(too far),off-grid system
221,222,Chimuara,national grid extension
222,223,None(too far),off-grid system
223,224,Chimuara,national grid extension
224,225,None(too far),off-grid system
225,226,Chimuara,national grid extension
226,227,None(too far),off-grid system
227,228,None(too far),off-grid system
228,229,Mocuba_HV,national grid extension
229,230,Chimuara,national grid extension
230,231,None(too far),off-grid system
231,232,Chimuara,national grid extension
232,233,Chimuara,national grid extension
233,234,None(too far),off-grid system
234,235,Mocuba_HV,national grid extension
235,236,None(too far),off-grid system
236,237,Chimuara,national grid extension
237,238,None(too far),off-grid system
238,239,Chimuara,national grid extension
239,240,None(too far),off-grid system
240,241,Mocuba_HV,national grid extension
241,242,Chimuara,national grid extension
242,243,None(too far),off-grid system
243,244,Chimuara,national grid extension
244,245,None(too far),off-grid system
245,246,None(too far),off-grid system
246,247,Quelimane Ceramica HV,national grid extension
247,248,Mocuba_HV,national grid extension
248,249,Quelimane Ceramica HV,national grid extension
249,250,None(too far),off-grid system
250,251,None(too far),off-grid system
251,252,None(too far),off-grid system
252,253,Chimuara,national grid extension
253,254,None(too far),off-grid system
254,255,Chimuara,national grid extension
255,256,Chimuara,national grid extension
256,257,None(too far),off-grid system
257,258,Mocuba_HV,national grid extension
258,259,None(too far),off-grid system
259,260,Chimuara,national grid extension
260,261,None(too far),off-grid system
261,262,None(too far),off-grid system
262,263,Mocuba_HV,national grid extension
263,264,Chimuara,national grid extension
264,265,Chimuara,national grid extension
265,266,None(too far),off-grid system
266,267,Chimuara,national grid extension
267,268,None(too far),off-grid system
268,269,None(too far),off-grid system
269,270,Mocuba_HV,national grid extension
270,271,Chimuara,national grid extension
271,272,None(too far),off-grid system
272,273,None(too far),off-grid system
273,274,None(too far),off-grid system
274,275,None(too far),off-grid system
275,276,Chimuara,national grid extension
276,277,Moma,national grid extension
277,278,Moma,national grid extension
278,279,Moma,national grid extension
279,280,Chimuara,national grid extension
280,281,None(too far),off-grid system
281,282,Moma,national grid extension
282,283,Chimuara,national grid extension
283,284,None(too far),off-grid system
284,285,None(too far),off-grid system
285,286,None(too far),off-grid system
286,287,None(too far),off-grid system
287,288,None(too far),off-grid system
288,289,None(too far),off-grid system
289,290,None(too far),off-grid system
290,291,None(too far),off-grid system
291,292,None(too far),off-grid system
292,293,None(too far),off-grid system
293,294,Chimuara,national grid extension
294,295,None(too far),off-grid system
295,296,Chimuara,national grid extension
296,297,Chimuara,national grid extension
297,298,Chimuara,national grid extension
298,299,Moma,national grid extension
299,300,Moma,national grid extension
300,301,Moma,national grid extension
301,302,Moma,national grid extension
302,303,Moma,national grid extension
303,304,Chimuara,national grid extension
304,305,Moma,national grid extension
305,306,Moma,national grid extension
306,307,None(too far),off-grid system
307,308,Moma,national grid extension
308,309,Chimuara,national grid extension
309,310,None(too far),off-grid system
310,311,None(too far),off-grid system
311,312,Moma,national grid extension
312,313,Chimuara,national grid extension
313,314,Moma,national grid extension
314,315,None(too far),off-grid system
315,316,Moma,national grid extension
316,317,None(too far),off-grid system
317,318,None(too far),off-grid system
318,319,None(too far),off-grid system
319,320,Moma,national grid extension
320,321,Mocuba_HV,national grid extension
321,322,Mocuba_HV,national grid extension
322,323,Moma,national grid extension
323,324,Moma,national grid extension
324,325,None(too far),off-grid system
325,326,Moma,national grid extension
326,327,Mocuba_HV,national grid extension
327,328,Moma,national grid extension
328,329,Moma,national grid extension
329,330,None(too far),off-grid system
330,331,Moma,national grid extension
331,332,Moma,national grid extension
332,333,None(too far),off-grid system
333,334,Mocuba_HV,national grid extension
334,335,Moma,national grid extension
335,336,None(too far),off-grid system
336,337,Moma,national grid extension
337,338,Mocuba_HV,national grid extension
338,339,None(too far),off-grid system
339,340,None(too far),off-grid system
340,341,Chimuara,national grid extension
341,342,Nicoadala - to be verified,national grid extension
342,343,None(too far),off-grid system
343,344,None(too far),off-grid system
344,345,None(too far),off-grid system
345,346,None(too far),off-grid system
346,347,Quelimane Ceramica HV,national grid extension
347,348,Quelimane Ceramica HV,national grid extension
348,349,Quelimane Ceramica HV,national grid extension
349,350,Quelimane Ceramica HV,national grid extension
350,351,Quelimane Ceramica HV,national grid extension
351,352,Nicoadala - to be verified,national grid extension
352,353,Quelimane Ceramica HV,national grid extension
353,354,Quelimane Ceramica HV,national grid extension
354,355,Quelimane Ceramica HV,national grid extension
355,356,Chimuara,national grid extension
356,357,Chimuara,national grid extension
357,358,Quelimane Ceramica HV,national grid extension
358,359,Quelimane Ceramica HV,national grid extension
359,360,Moma,national grid extension
360,361,Mocuba_HV,national grid extension
361,362,None(too far),off-grid system
362,363,None(too far),off-grid system
363,364,Mocuba_HV,national grid extension
364,365,Mocuba_HV,national grid extension
365,366,Mocuba_HV,national grid extension
366,367,Moma,national grid extension
367,368,None(too far),off-grid system
368,369,None(too far),off-grid system
369,370,Mocuba_HV,national grid extension
370,371,None(too far),off-grid system
371,372,Moma,national grid extension
372,373,Mocuba_HV,national grid extension
373,374,None(too far),off-grid system
374,375,Mocuba_HV,national grid extension
375,376,Mocuba_HV,national grid extension
376,377,Mocuba_HV,national grid extension
377,378,Mocuba_HV,national grid extension
378,379,Mocuba_HV,national grid extension
379,380,Mocuba_HV,national grid extension
380,381,Moma,national grid extension
381,382,Mocuba_HV,national grid extension
382,383,Mocuba_HV,national grid extension
383,384,Mocuba_HV,national grid extension
384,385,Moma,national grid extension
385,386,Mocuba_HV,national grid extension
386,387,Mocuba_HV,national grid extension
387,388,Mocuba_HV,national grid extension
388,389,Mocuba_HV,national grid extension
389,390,Mocuba_HV,national grid extension
390,391,Moma,national grid extension
391,392,Mocuba_HV,national grid extension
392,393,Mocuba_HV,national grid extension
393,394,Moma,national grid extension
394,395,Mocuba_HV,national grid extension
395,396,Mocuba_HV,national grid extension
396,397,Mocuba_HV,national grid extension
397,398,Mocuba_HV,national grid extension
398,399,Mocuba_HV,national grid extension
399,400,None(too far),off-grid system
400,401,Moma,national grid extension
401,402,None(too far),off-grid system
402,403,Mocuba_HV,national grid extension
403,404,None(too far),off-grid system
404,405,None(too far),off-grid system
405,406,Mocuba_HV,national grid extension
406,407,Mocuba_HV,national grid extension
407,408,None(too far),off-grid system
408,409,None(too far),off-grid system
409,410,None(too far),off-grid system
410,411,None(too far),off-grid system
411,412,Mocuba_HV,national grid extension
412,413,Moma,national grid extension
413,414,Mocuba_HV,national grid extension
414,415,None(too far),off-grid system
415,416,Mocuba_HV,national grid extension
416,417,Mocuba_HV,national grid extension
417,418,Mocuba_HV,national grid extension
418,419,None(too far),off-grid system
419,420,None(too far),off-grid system
420,421,None(too far),off-grid system
421,422,None(too far),off-grid system
422,423,Mocuba_HV,national grid extension
423,424,Mocuba_HV,national grid extension
424,425,None(too far),off-grid system
425,426,Moma,national grid extension
426,427,None(too far),off-grid system
427,428,Moma,national grid extension
428,429,Mocuba_HV,national grid extension
429,430,Mocuba_HV,national grid extension
430,431,None(too far),off-grid system
431,432,None(too far),off-grid system
432,433,Mocuba_HV,national grid extension
433,434,Mocuba_HV,national grid extension
434,435,None(too far),off-grid system
435,436,None(too far),off-grid system
436,437,None(too far),off-grid system
437,438,None(too far),off-grid system
438,439,None(too far),off-grid system
439,440,Mocuba_HV,national grid extension
440,441,Mocuba_HV,national grid extension
441,442,Moma,national grid extension
442,443,None(too far),off-grid system
443,444,None(too far),off-grid system
444,445,None(too far),off-grid system
445,446,Mocuba_HV,national grid extension
446,447,None(too far),off-grid system
447,448,None(too far),off-grid system
448,449,Mocuba_HV,national grid extension
449,450,Mocuba_HV,national grid extension
450,451,Mocuba_HV,national grid extension
451,452,None(too far),off-grid system
452,453,None(too far),off-grid system
453,454,None(too far),off-grid system
454,455,None(too far),off-grid system
455,456,None(too far),off-grid system
456,457,None(too far),off-grid system
457,458,None(too far),off-grid system
458,459,None(too far),off-grid system
459,460,None(too far),off-grid system
460,461,Moma,national grid extension
461,462,None(too far),off-grid system
462,463,None(too far),off-grid system
463,464,Mocuba_HV,national grid extension
464,465,None(too far),off-grid system
465,466,Mocuba_HV,national grid extension
466,467,Mocuba_HV,national grid extension
467,468,None(too far),off-grid system
468,469,None(too far),off-grid system
469,470,None(too far),off-grid system
470,471,None(too far),off-grid system
471,472,None(too far),off-grid system
472,473,Moma,national grid extension
473,474,None(too far),off-grid system
474,475,Uape,national grid extension
475,476,None(too far),off-grid system
476,477,None(too far),off-grid system
477,478,None(too far),off-grid system
478,479,None(too far),off-grid system
479,480,None(too far),off-grid system
480,481,None(too far),off-grid system
481,482,None(too far),off-grid system
482,483,None(too far),off-grid system
483,484,None(too far),off-grid system
484,485,None(too far),off-grid system
485,486,None(too far),off-grid system
486,487,None(too far),off-grid system
487,488,None(too far),off-grid system
488,489,Uape,national grid extension
489,490,Uape,national grid extension
490,491,Uape,national grid extension
491,492,None(too far),off-grid system
492,493,None(too far),off-grid system
493,494,None(too far),off-grid system
494,495,None(too far),off-grid system
495,496,None(too far),off-grid system
496,497,None(too far),off-grid system
497,498,None(too far),off-grid system
498,499,Uape,national grid extension
499,500,Mocuba_HV,national grid extension
500,501,None(too far),off-grid system
501,502,None(too far),off-grid system
502,503,None(too far),off-grid system
503,504,None(too far),off-grid system
504,505,None(too far),off-grid system
505,506,None(too far),off-grid system
506,507,None(too far),off-grid system
507,508,Mocuba_HV,national grid extension
508,509,None(too far),off-grid system
509,510,None(too far),off-grid system
510,511,None(too far),off-grid system
511,512,None(too far),off-grid system
512,513,Uape,national grid extension
513,514,Mocuba_HV,national grid extension
514,515,None(too far),off-grid system
515,516,Mocuba_HV,national grid extension
516,517,None(too far),off-grid system
517,518,None(too far),off-grid system
518,519,None(too far),off-grid system
519,520,Uape,national grid extension
520,521,None(too far),off-grid system
521,522,None(too far),off-grid system
522,523,None(too far),off-grid system
523,524,Uape,national grid extension
524,525,Mocuba_HV,national grid extension
525,526,None(too far),off-grid system
526,527,Uape,national grid extension
527,528,Uape,national grid extension
528,529,Uape,national grid extension
529,530,None(too far),off-grid system
530,531,None(too far),off-grid system
531,532,Uape,national grid extension
532,533,Mocuba_HV,national grid extension
533,534,Uape,national grid extension
534,535,None(too far),off-grid system
535,536,None(too far),off-grid system
536,537,None(too far),off-grid system
537,538,None(too far),off-grid system
538,539,Uape,national grid extension
539,540,None(too far),off-grid system
540,541,Uape,national grid extension
541,542,Mocuba_HV,national grid extension
542,543,None(too far),off-grid system
543,544,None(too far),off-grid system
544,545,None(too far),off-grid system
545,546,None(too far),off-grid system
546,547,None(too far),off-grid system
547,548,None(too far),off-grid system
548,549,None(too far),off-grid system
549,550,Uape,national grid extension
550,551,Mocuba_HV,national grid extension
551,552,Mocuba_HV,national grid extension
552,553,None(too far),off-grid system
553,554,Mocuba_HV,national grid extension
554,555,None(too far),off-grid system
555,556,Moma,national grid extension
556,557,None(too far),off-grid system
557,558,None(too far),off-grid system
558,559,Mocuba_HV,national grid extension
559,560,Mocuba_HV,national grid extension
560,561,None(too far),off-grid system
561,562,Mocuba_HV,national grid extension
562,563,Mocuba_HV,national grid extension
563,564,Moma,national grid extension
564,565,None(too far),off-grid system
565,566,Mocuba_HV,national grid extension
566,567,Mocuba_HV,national grid extension
567,568,Mocuba_HV,national grid extension
568,569,Moma,national grid extension
569,570,Moma,national grid extension
570,571,Mocuba_HV,national grid extension
571,572,Mocuba_HV,national grid extension
572,573,Mocuba_HV,national grid extension
573,574,Mocuba_HV,national grid extension
574,575,Mocuba_HV,national grid extension
575,576,Uape,national grid extension
576,577,None(too far),off-grid system
577,578,Uape,national grid extension
578,579,None(too far),off-grid system
579,580,None(too far),off-grid system
580,581,None(too far),off-grid system
581,582,None(too far),off-grid system
582,583,None(too far),off-grid system
583,584,None(too far),off-grid system
584,585,Uape,national grid extension
585,586,None(too far),off-grid system
586,587,Uape,national grid extension
587,588,None(too far),off-grid system
588,589,None(too far),off-grid system
589,590,None(too far),off-grid system
590,591,None(too far),off-grid system
591,592,None(too far),off-grid system
592,593,None(too far),off-grid system
593,594,None(too far),off-grid system
594,595,Uape,national grid extension
595,596,None(too far),off-grid system
596,597,Uape,national grid extension
597,598,Uape,national grid extension
598,599,None(too far),off-grid system
599,600,None(too far),off-grid system
600,601,None(too far),off-grid system
601,602,None(too far),off-grid system
602,603,None(too far),off-grid system
603,604,None(too far),off-grid system
604,605,None(too far),off-grid system
605,606,Uape,national grid extension
606,607,None(too far),off-grid system
607,608,None(too far),off-grid system
608,609,None(too far),off-grid system
609,610,None(too far),off-grid system
610,611,Uape,national grid extension
611,612,None(too far),off-grid system
612,613,None(too far),off-grid system
613,614,None(too far),off-grid system
614,615,None(too far),off-grid system
615,616,None(too far),off-grid system
616,617,Uape,national grid extension
617,618,None(too far),off-grid system
618,619,None(too far),off-grid system
619,620,None(too far),off-grid system
620,621,Uape,national grid extension
621,622,None(too far),off-grid system
622,623,None(too far),off-grid system
623,624,Uape,national grid extension
624,625,None(too far),off-grid system
625,626,None(too far),off-grid system
626,627,None(too far),off-grid system
627,628,None(too far),off-grid system
628,629,None(too far),off-grid system
629,630,Uape,national grid extension
630,631,None(too far),off-grid system
631,632,None(too far),off-grid system
632,633,None(too far),off-grid system
633,634,None(too far),off-grid system
634,635,None(too far),off-grid system
635,636,None(too far),off-grid system
636,637,None(too far),off-grid system
637,638,None(too far),off-grid system
638,639,Uape,national grid extension
639,640,None(too far),off-grid system
640,641,None(too far),off-grid system
641,642,None(too far),off-grid system
642,643,None(too far),off-grid system
643,644,None(too far),off-grid system
644,645,None(too far),off-grid system
645,646,None(too far),off-grid system
646,647,None(too far),off-grid system
647,648,None(too far),off-grid system
648,649,None(too far),off-grid system
649,650,None(too far),off-grid system
650,651,None(too far),off-grid system
651,652,Uape,national grid extension
652,653,None(too far),off-grid system
653,654,None(too far),off-grid system
654,655,Uape,national grid extension
655,656,None(too far),off-grid system
656,657,None(too far),off-grid system
657,658,None(too far),off-grid system
658,659,Uape,national grid extension
659,660,Uape,national grid extension
660,661,None(too far),off-grid system
661,662,None(too far),off-grid system
662,663,None(too far),off-grid system
663,664,Mocuba_HV,national grid extension
664,665,Alto Molocue HV,national grid extension
665,666,None(too far),off-grid system
666,667,Uape,national grid extension
667,668,None(too far),off-grid system
668,669,None(too far),off-grid system
669,670,None(too far),off-grid system
670,671,Uape,national grid extension
671,672,None(too far),off-grid system
672,673,None(too far),off-grid system
673,674,Mocuba_HV,national grid extension
674,675,None(too far),off-grid system
675,676,None(too far),off-grid system
676,677,None(too far),off-grid system
677,678,None(too far),off-grid system
678,679,None(too far),off-grid system
679,680,None(too far),off-grid system
680,681,None(too far),off-grid system
681,682,None(too far),off-grid system
682,683,Mocuba_HV,national grid extension
683,684,Mocuba_HV,national grid extension
684,685,None(too far),off-grid system
685,686,None(too far),off-grid system
686,687,Uape,national grid extension
687,688,None(too far),off-grid system
688,689,None(too far),off-grid system
689,690,None(too far),off-grid system
690,691,None(too far),off-grid system
691,692,Uape,national grid extension
692,693,None(too far),off-grid system
693,694,Uape,national grid extension
694,695,None(too far),off-grid system
695,696,Uape,national grid extension
696,697,Gurue,national grid extension
697,698,None(too far),off-grid system
698,699,None(too far),off-grid system
699,700,Alto Molocue HV,national grid extension
700,701,None(too far),off-grid system
701,702,Uape,national grid extension
702,703,None(too far),off-grid system
703,704,Uape,national grid extension
704,705,Alto Molocue HV,national grid extension
705,706,Gurue,national grid extension
706,707,None(too far),off-grid system
707,708,None(too far),off-grid system
708,709,None(too far),off-grid system
709,710,None(too far),off-grid system
710,711,None(too far),off-grid system
711,712,None(too far),off-grid system
712,713,Gurue,national grid extension
713,714,Uape,national grid extension
714,715,None(too far),off-grid system
715,716,Uape,national grid extension
716,717,Uape,national grid extension
717,718,Uape,national grid extension
718,719,Uape,national grid extension
719,720,Uape,national grid extension
720,721,None(too far),off-grid system
721,722,None(too far),off-grid system
722,723,Uape,national grid extension
723,724,Alto Molocue HV,national grid extension
724,725,None(too far),off-grid system
725,726,Gurue,national grid extension
726,727,None(too far),off-grid system
727,728,Gurue,national grid extension
728,729,None(too far),off-grid system
729,730,Gurue,national grid extension
730,731,None(too far),off-grid system
731,732,Gurue,national grid extension
732,733,None(too far),off-grid system
733,734,None(too far),off-grid system
734,735,None(too far),off-grid system
735,736,None(too far),off-grid system
736,737,None(too far),off-grid system
737,738,None(too far),off-grid system
738,739,None(too far),off-grid system
739,740,Uape,national grid extension
740,741,Alto Molocue HV,national grid extension
741,742,Uape,national grid extension
742,743,Alto Molocue HV,national grid extension
743,744,Gurue,national grid extension
744,745,Alto Molocue HV,national grid extension
745,746,None(too far),off-grid system
746,747,None(too far),off-grid system
747,748,None(too far),off-grid system
748,749,Gurue,national grid extension
749,750,Gurue,national grid extension
750,751,None(too far),off-grid system
751,752,Uape,national grid extension
752,753,None(too far),off-grid system
753,754,Uape,national grid extension
754,755,Alto Molocue HV,national grid extension
755,756,Alto Molocue HV,national grid extension
756,757,None(too far),off-grid system
757,758,None(too far),off-grid system
758,759,Gurue,national grid extension
759,760,Gurue,national grid extension
760,761,None(too far),off-grid system
761,762,Uape,national grid extension
762,763,None(too far),off-grid system
763,764,None(too far),off-grid system
764,765,None(too far),off-grid system
765,766,None(too far),off-grid system
766,767,None(too far),off-grid system
767,768,Uape,national grid extension
768,769,Uape,national grid extension
769,770,None(too far),off-grid system
770,771,None(too far),off-grid system
771,772,Uape,national grid extension
772,773,None(too far),off-grid system
773,774,Uape,national grid extension
774,775,Alto Molocue HV,national grid extension
775,776,None(too far),off-grid system
776,777,Uape,national grid extension
777,778,Gurue,national grid extension
778,779,Uape,national grid extension
779,780,Uape,national grid extension
780,781,Uape,national grid extension
781,782,Uape,national grid extension
782,783,None(too far),off-grid system
783,784,None(too far),off-grid system
784,785,Gurue,national grid extension
785,786,None(too far),off-grid system
786,787,Uape,national grid extension
787,788,Uape,national grid extension
788,789,Uape,national grid extension
789,790,Uape,national grid extension
790,791,None(too far),off-grid system
791,792,Uape,national grid extension
792,793,None(too far),off-grid system
793,794,None(too far),off-grid system
794,795,None(too far),off-grid system
795,796,None(too far),off-grid system
796,797,Gurue,national grid extension
797,798,None(too far),off-grid system
798,799,None(too far),off-grid system
799,800,None(too far),off-grid system
800,801,None(too far),off-grid system
801,802,None(too far),off-grid system
802,803,Uape,national grid extension
803,804,None(too far),off-grid system
804,805,Uape,national grid extension
805,806,Gurue,national grid extension
806,807,None(too far),off-grid system
807,808,None(too far),off-grid system
808,809,Uape,national grid extension
809,810,None(too far),off-grid system
810,811,None(too far),off-grid system
811,812,None(too far),off-grid system
812,813,Uape,national grid extension
813,814,None(too far),off-grid system
814,815,Uape,national grid extension
815,816,Uape,national grid extension
816,817,Alto Molocue HV,national grid extension
817,818,None(too far),off-grid system
818,819,None(too far),off-grid system
819,820,None(too far),off-grid system
820,821,None(too far),off-grid system
821,822,None(too far),off-grid system
822,823,None(too far),off-grid system
823,824,Uape,national grid extension
824,825,None(too far),off-grid system
825,826,Alto Molocue HV,national grid extension
826,827,Uape,national grid extension
827,828,None(too far),off-grid system
828,829,Uape,national grid extension
829,830,None(too far),off-grid system
830,831,Uape,national grid extension
831,832,Alto Molocue HV,national grid extension
832,833,Alto Molocue HV,national grid extension
833,834,None(too far),off-grid system
834,835,Alto Molocue HV,national grid extension
835,836,None(too far),off-grid system
836,837,None(too far),off-grid system
837,838,None(too far),off-grid system
838,839,Uape,national grid extension
839,840,None(too far),off-grid system
840,841,Gurue,national grid extension
841,842,None(too far),off-grid system
842,843,None(too far),off-grid system
843,844,None(too far),off-grid system
844,845,None(too far),off-grid system
845,846,Alto Molocue HV,national grid extension
846,847,None(too far),off-grid system
847,848,Alto Molocue HV,national grid extension
848,849,None(too far),off-grid system
849,850,None(too far),off-grid system
850,851,Alto Molocue HV,national grid extension
851,852,None(too far),off-grid system
852,853,Gurue,national grid extension
853,854,Alto Molocue HV,national grid extension
854,855,Uape,national grid extension
855,856,None(too far),off-grid system
856,857,Gurue,national grid extension
857,858,None(too far),off-grid system
858,859,Uape,national grid extension
859,860,Uape,national grid extension
860,861,None(too far),off-grid system
861,862,None(too far),off-grid system
862,863,None(too far),off-grid system
863,864,Gurue,national grid extension
864,865,None(too far),off-grid system
865,866,None(too far),off-grid system
866,867,None(too far),off-grid system
867,868,Alto Molocue HV,national grid extension
868,869,None(too far),off-grid system
869,870,Gurue,national grid extension
870,871,Gurue,national grid extension
871,872,None(too far),off-grid system
872,873,None(too far),off-grid system
873,874,Uape,national grid extension
874,875,Gurue,national grid extension
875,876,Gurue,national grid extension
876,877,Gurue,national grid extension
877,878,Gurue,national grid extension
878,879,Uape,national grid extension
879,880,Alto Molocue HV,national grid extension
880,881,Alto Molocue HV,national grid extension
881,882,Alto Molocue HV,national grid extension
882,883,Alto Molocue HV,national grid extension
883,884,None(too far),off-grid system
884,885,Uape,national grid extension
885,886,None(too far),off-grid system
886,887,None(too far),off-grid system
887,888,Gurue,national grid extension
888,889,Alto Molocue HV,national grid extension
889,890,None(too far),off-grid system
890,891,Gurue,national grid extension
891,892,Gurue,national grid extension
892,893,None(too far),off-grid system
893,894,None(too far),off-grid system
894,895,Uape,national grid extension
895,896,Alto Molocue HV,national grid extension
896,897,Gurue,national grid extension
897,898,Uape,national grid extension
898,899,Gurue,national grid extension
899,900,Alto Molocue HV,national grid extension
900,901,Alto Molocue HV,national grid extension
901,902,Uape,national grid extension
902,903,Uape,national grid extension
903,904,Uape,national grid extension
904,905,None(too far),off-grid system
905,906,Gurue,national grid extension
906,907,Alto Molocue HV,national grid extension
907,908,None(too far),off-grid system
908,909,None(too far),off-grid system
909,910,Gurue,national grid extension
910,911,Alto Molocue HV,national grid extension
911,912,Gurue,national grid extension
912,913,Gurue,national grid extension
913,914,None(too far),off-grid system
914,915,Gurue,national grid extension
915,916,Gurue,national grid extension
916,917,Gurue,national grid extension
917,918,Gurue,national grid extension
918,919,Gurue,national grid extension
919,920,Alto Molocue HV,national grid extension
920,921,Gurue,national grid extension
921,922,None(too far),off-grid system
922,923,Uape,national grid extension
923,924,Alto Molocue HV,national grid extension
924,925,Gurue,national grid extension
925,926,Alto Molocue HV,national grid extension
926,927,Gurue,national grid extension
927,928,Gurue,national grid extension
928,929,None(too far),off-grid system
929,930,None(too far),off-grid system
930,931,None(too far),off-grid system
931,932,Gurue,national grid extension
932,933,Gurue,national grid extension
933,934,Alto Molocue HV,national grid extension
934,935,Alto Molocue HV,national grid extension
935,936,Alto Molocue HV,national grid extension
936,937,Gurue,national grid extension
937,938,None(too far),off-grid system
938,939,Gurue,national grid extension
939,940,None(too far),off-grid system
940,941,Alto Molocue HV,national grid extension
941,942,Alto Molocue HV,national grid extension
942,943,Gurue,national grid extension
943,944,Gurue,national grid extension
944,945,Gurue,national grid extension
945,946,None(too far),off-grid system
946,947,Gurue,national grid extension
947,948,None(too far),off-grid system
948,949,Alto Molocue HV,national grid extension
949,950,None(too far),off-grid system
950,951,Gurue,national grid extension
951,952,Gurue,national grid extension
952,953,Gurue,national grid extension
953,954,Gurue,national grid extension
954,955,Gurue,national grid extension
955,956,None(too far),off-grid system
956,957,Gurue,national grid extension
957,958,Gurue,national grid extension
958,959,Gurue,national grid extension
959,960,Gurue,national grid extension
960,961,Alto Molocue HV,national grid extension
961,962,Gurue,national grid extension
962,963,Alto Molocue HV,national grid extension
963,964,Gurue,national grid extension
964,965,Gurue,national grid extension
965,966,Gurue,national grid extension
966,967,None(too far),off-grid system
967,968,Gurue,national grid extension
968,969,Gurue,national grid extension
969,970,Gurue,national grid extension
970,971,Alto Molocue HV,national grid extension
971,972,Alto Molocue HV,national grid extension
972,973,Gurue,national grid extension
973,974,Gurue,national grid extension
974,975,Alto Molocue HV,national grid extension
975,976,Gurue,national grid extension
976,977,Gurue,national grid extension
977,978,Gurue,national grid extension
978,979,Gurue,national grid extension
979,980,Alto Molocue HV,national grid extension
980,981,Gurue,national grid extension
981,982,Gurue,national grid extension
982,983,Gurue,national grid extension
983,984,Gurue,national grid extension
984,985,Alto Molocue HV,national grid extension
985,986,Gurue,national grid extension
986,987,Gurue,national grid extension
987,988,Gurue,national grid extension
988,989,Gurue,national grid extension
989,990,Gurue,national grid extension
990,991,Gurue,national grid extension
991,992,Gurue,national grid extension
992,993,Alto Molocue HV,national grid extension
993,994,None(too far),off-grid system
994,995,Gurue,national grid extension
995,996,Gurue,national grid extension
996,997,Alto Molocue HV,national grid extension
997,998,Gurue,national grid extension
998,999,Alto Molocue HV,national grid extension
999,1000,Alto Molocue HV,national grid extension
1000,1001,Gurue,national grid extension
1001,1002,Uape,national grid extension
1002,1003,None(too far),off-grid system
1003,1004,Gurue,national grid extension
1004,1005,Gurue,national grid extension
1005,1006,Gurue,national grid extension
1006,1007,Alto Molocue HV,national grid extension
1007,1008,None(too far),off-grid system
1008,1009,None(too far),off-grid system
1009,1010,None(too far),off-grid system
1010,1011,Alto Molocue HV,national grid extension
1011,1012,None(too far),off-grid system
1012,1013,None(too far),off-grid system
1013,1014,None(too far),off-grid system
1014,1015,Uape,national grid extension
1015,1016,None(too far),off-grid system
1016,1017,None(too far),off-grid system
1017,1018,Uape,national grid extension
1018,1019,None(too far),off-grid system
1019,1020,None(too far),off-grid system
1020,1021,Gurue,national grid extension
1021,1022,None(too far),off-grid system
1022,1023,Alto Molocue HV,national grid extension
1023,1024,None(too far),off-grid system
1024,1025,None(too far),off-grid system
1025,1026,Gurue,national grid extension
1026,1027,Gurue,national grid extension
1027,1028,Alto Molocue HV,national grid extension
1028,1029,Gurue,national grid extension
1029,1030,Alto Molocue HV,national grid extension
1030,1031,Gurue,national grid extension
1031,1032,Gurue,national grid extension
1032,1033,Gurue,national grid extension
1033,1034,Gurue,national grid extension
1034,1035,Gurue,national grid extension
1035,1036,Gurue,national grid extension
1036,1037,Gurue,national grid extension
1037,1038,Gurue,national grid extension
1038,1039,Gurue,national grid extension
1039,1040,Alto Molocue HV,national grid extension
1040,1041,Gurue,national grid extension
1041,1042,Alto Molocue HV,national grid extension
1042,1043,Alto Molocue HV,national grid extension
1043,1044,Gurue,national grid extension
1044,1045,Gurue,national grid extension
1045,1046,Gurue,national grid extension
1046,1047,Gurue,national grid extension
1047,1048,Gurue,national grid extension
1048,1049,Gurue,national grid extension
1049,1050,Alto Molocue HV,national grid extension
1050,1051,Gurue,national grid extension
1051,1052,Gurue,national grid extension
1052,1053,Gurue,national grid extension
1053,1054,Gurue,national grid extension
1054,1055,Gurue,national grid extension
1055,1056,Gurue,national grid extension
1056,1057,Gurue,national grid extension
1057,1058,Gurue,national grid extension
1058,1059,Gurue,national grid extension
1059,1060,Gurue,national grid extension
1060,1061,None(too far),off-grid system
1061,1062,Gurue,national grid extension
1062,1063,Alto Molocue HV,national grid extension
1063,1064,Gurue,national grid extension
1064,1065,Gurue,national grid extension
1065,1066,Gurue,national grid extension
1066,1067,Gurue,national grid extension
1067,1068,Alto Molocue HV,national grid extension
1068,1069,Gurue,national grid extension
1069,1070,Gurue,national grid extension
1070,1071,Gurue,national grid extension
1071,1072,Gurue,national grid extension
1072,1073,Gurue,national grid extension
1073,1074,Gurue,national grid extension
1074,1075,Gurue,national grid extension
1075,1076,Gurue,national grid extension
1076,1077,Gurue,national grid extension
1077,1078,Alto Molocue HV,national grid extension
1078,1079,Alto Molocue HV,national grid extension
1079,1080,Gurue,national grid extension
1080,1081,Gurue,national grid extension
1081,1082,Gurue,national grid extension
1082,1083,Gurue,national grid extension
1083,1084,Gurue,national grid extension
1084,1085,Gurue,national grid extension
1085,1086,Alto Molocue HV,national grid extension
1086,1087,Alto Molocue HV,national grid extension
1087,1088,Gurue,national grid extension
1088,1089,Gurue,national grid extension
1089,1090,Gurue,national grid extension
1090,1091,Alto Molocue HV,national grid extension
1091,1092,Alto Molocue HV,national grid extension
1092,1093,Gurue,national grid extension
1093,1094,Gurue,national grid extension
1094,1095,Alto Molocue HV,national grid extension
1095,1096,Gurue,national grid extension
1096,1097,Alto Molocue HV,national grid extension
1097,1098,Gurue,national grid extension
1098,1099,Alto Molocue HV,national grid extension
1099,1100,Gurue,national grid extension
1100,1101,Alto Molocue HV,national grid extension
1101,1102,Gurue,national grid extension
1102,1103,Gurue,national grid extension
1103,1104,Gurue,national grid extension
1104,1105,Alto Molocue HV,national grid extension
1105,1106,Alto Molocue HV,national grid extension
1106,1107,Gurue,national grid extension
1107,1108,Alto Molocue HV,national grid extension
1108,1109,Alto Molocue HV,national grid extension
1109,1110,Gurue,national grid extension
1110,1111,Gurue,national grid extension
1111,1112,Gurue,national grid extension
1112,1113,Gurue,national grid extension
1113,1114,Gurue,national grid extension
1114,1115,Alto Molocue HV,national grid extension
1115,1116,Gurue,national grid extension
1116,1117,Alto Molocue HV,national grid extension
1117,1118,Gurue,national grid extension
1118,1119,Gurue,national grid extension
1119,1120,Gurue,national grid extension
1120,1121,Gurue,national grid extension
1121,1122,Alto Molocue HV,national grid extension
1122,1123,Gurue,national grid extension
1123,1124,Gurue,national grid extension
1124,1125,Gurue,national grid extension
1125,1126,Alto Molocue HV,national grid extension
1126,1127,Gurue,national grid extension
1127,1128,Gurue,national grid extension
1128,1129,Gurue,national grid extension
1129,1130,Alto Molocue HV,national grid extension
1130,1131,Alto Molocue HV,national grid extension
1131,1132,Gurue,national grid extension
1132,1133,Gurue,national grid extension
1133,1134,Alto Molocue HV,national grid extension
1134,1135,Alto Molocue HV,national grid extension
1135,1136,Gurue,national grid extension
1136,1137,Gurue,national grid extension
1137,1138,Gurue,national grid extension
1138,1139,Gurue,national grid extension
1139,1140,Alto Molocue HV,national grid extension
1140,1141,Alto Molocue HV,national grid extension
1141,1142,Alto Molocue HV,national grid extension
1142,1143,Gurue,national grid extension
1143,1144,Gurue,national grid extension
1144,1145,Alto Molocue HV,national grid extension
1145,1146,Gurue,national grid extension
1146,1147,Gurue,national grid extension
1147,1148,Gurue,national grid extension
1148,1149,Gurue,national grid extension
1149,1150,Alto Molocue HV,national grid extension
1150,1151,Gurue,national grid extension
1151,1152,Alto Molocue HV,national grid extension
1152,1153,Alto Molocue HV,national grid extension
1153,1154,Alto Molocue HV,national grid extension
1154,1155,Gurue,national grid extension
1155,1156,Gurue,national grid extension
1156,1157,Alto Molocue HV,national grid extension
1157,1158,Gurue,national grid extension
1158,1159,Gurue,national grid extension
1159,1160,Alto Molocue HV,national grid extension
1160,1161,Alto Molocue HV,national grid extension
1161,1162,Alto Molocue HV,national grid extension
1162,1163,Alto Molocue HV,national grid extension
1163,1164,Gurue,national grid extension
1164,1165,Gurue,national grid extension
1165,1166,Gurue,national grid extension
1166,1167,Gurue,national grid extension
1167,1168,Alto Molocue HV,national grid extension
1168,1169,Gurue,national grid extension
1169,1170,Gurue,national grid extension
1170,1171,Gurue,national grid extension
1171,1172,Gurue,national grid extension
1172,1173,Gurue,national grid extension
1173,1174,Gurue,national grid extension
1174,1175,Gurue,national grid extension
1175,1176,Gurue,national grid extension
1176,1177,Gurue,national grid extension
1177,1178,Alto Molocue HV,national grid extension
1178,1179,Gurue,national grid extension
1179,1180,Alto Molocue HV,national grid extension
1180,1181,Gurue,national grid extension
1181,1182,Gurue,national grid extension
1182,1183,Alto Molocue HV,national grid extension
1183,1184,Alto Molocue HV,national grid extension
1184,1185,Alto Molocue HV,national grid extension
1185,1186,Alto Molocue HV,national grid extension
1186,1187,Gurue,national grid extension
1187,1188,Gurue,national grid extension
1188,1189,Gurue,national grid extension
1189,1190,Gurue,national grid extension
1190,1191,Alto Molocue HV,national grid extension
1191,1192,Alto Molocue HV,national grid extension
1192,1193,Alto Molocue HV,national grid extension
1193,1194,Alto Molocue HV,national grid extension
1194,1195,Gurue,national grid extension
1195,1196,Gurue,national grid extension
1196,1197,Gurue,national grid extension
1197,1198,Gurue,national grid extension
1198,1199,Gurue,national grid extension
1199,1200,Gurue,national grid extension
1200,1201,Gurue,national grid extension
1201,1202,Gurue,national grid extension
1202,1203,Gurue,national grid extension
1203,1204,Gurue,national grid extension
1204,1205,Gurue,national grid extension
1205,1206,Gurue,national grid extension
1206,1207,Gurue,national grid extension
1207,1208,Gurue,national grid extension
1208,1209,Gurue,national grid extension
1209,1210,Gurue,national grid extension
1210,1211,Gurue,national grid extension
1211,1212,Gurue,national grid extension
1212,1213,Gurue,national grid extension
1213,1214,Gurue,national grid extension
1214,1215,Gurue,national grid extension
1215,1216,Gurue,national grid extension
1216,1217,Gurue,national grid extension
1217,1218,Gurue,national grid extension
1218,1219,Gurue,national grid extension
1219,1220,Gurue,national grid extension
1220,1221,Gurue,national grid extension
1221,1222,Gurue,national grid extension
1222,1223,Gurue,national grid extension
1223,1224,Alto Molocue HV,national grid extension
1224,1225,Gurue,national grid extension
1225,1226,Gurue,national grid extension
1226,1227,Gurue,national grid extension
1227,1228,Gurue,national grid extension
1228,1229,Gurue,national grid extension
1229,1230,Gurue,national grid extension
1230,1231,Alto Molocue HV,national grid extension
1231,1232,Gurue,national grid extension
1232,1233,Gurue,national grid extension
1233,1234,Gurue,national grid extension
1234,1235,Gurue,national grid extension
1235,1236,Alto Molocue HV,national grid extension
1236,1237,Alto Molocue HV,national grid extension
1237,1238,Gurue,national grid extension
1238,1239,Alto Molocue HV,national grid extension
1239,1240,Alto Molocue HV,national grid extension
1240,1241,Alto Molocue HV,national grid extension
1241,1242,Alto Molocue HV,national grid extension
1242,1243,Gurue,national grid extension
1243,1244,Gurue,national grid extension
1244,1245,Alto Molocue HV,national grid extension
1245,1246,Alto Molocue HV,national grid extension
1246,1247,Gurue,national grid extension
1247,1248,Gurue,national grid extension
1248,1249,Gurue,national grid extension
1249,1250,Uape,national grid extension
1250,1251,Uape,national grid extension
1251,1252,Uape,national grid extension
1252,1253,None(too far),off-grid system
1253,1254,Uape,national grid extension
1254,1255,Gurue,national grid extension
1255,1256,None(too far),off-grid system
1256,1257,Uape,national grid extension
1257,1258,None(too far),off-grid system
1258,1259,Gurue,national grid extension
1259,1260,Gurue,national grid extension
1260,1261,Uape,national grid extension
1261,1262,Uape,national grid extension
1262,1263,Gurue,national grid extension
1263,1264,Uape,national grid extension
1264,1265,Gurue,national grid extension
1265,1266,None(too far),off-grid system
1266,1267,None(too far),off-grid system
1267,1268,Uape,national grid extension
1268,1269,None(too far),off-grid system
1269,1270,Gurue,national grid extension
1270,1271,None(too far),off-grid system
1271,1272,Gurue,national grid extension
1272,1273,Gurue,national grid extension
1273,1274,Gurue,national grid extension
1274,1275,None(too far),off-grid system
1275,1276,Uape,national grid extension
1276,1277,Alto Molocue HV,national grid extension
1277,1278,Alto Molocue HV,national grid extension
1278,1279,None(too far),off-grid system
1279,1280,None(too far),off-grid system
1280,1281,Uape,national grid extension
1281,1282,None(too far),off-grid system
1282,1283,Mocuba_HV,national grid extension
1283,1284,None(too far),off-grid system
1284,1285,None(too far),off-grid system
1285,1286,Uape,national grid extension
1286,1287,Uape,national grid extension
1287,1288,None(too far),off-grid system
1288,1289,Uape,national grid extension
1289,1290,None(too far),off-grid system
1290,1291,None(too far),off-grid system
1291,1292,None(too far),off-grid system
